_id,timestamp,ip,user,action,status,log_hash,log_id
680b4b091458f11c44cf8eeb,2025-04-25T07:55:51.189211Z,10.0.3.157,root,file_upload,success,9e724fb4fbdd30b2f36a80655f44446aea6596167d60d03f1e5356e1541a39b7,
680b4b091458f11c44cf8eec,2025-04-25T08:09:31.190803Z,10.0.3.36,alice,network_scan,failed,4cd9e5b007fc71323ac88ee957390f15cc928bbf2cb04f6c68803e00c2add1d5,
680b4b091458f11c44cf8eed,2025-04-25T07:55:09.191034Z,10.0.4.157,analyst,config_change,success,243c7d329cdcda872c7bbfe6ca196d3023bc7283393d3d56c34faeefc25cc4bb,
680b4b091458f11c44cf8eee,2025-04-25T08:36:30.191437Z,10.0.3.84,administrateur,login_attempt,success,15a2d8426f5d670ce08b372a4593bcd49fe7acc05faadb6f11c81bde6be1e22f,
680b4b091458f11c44cf8eef,2025-04-25T08:03:53.191955Z,10.0.3.36,alice,network_scan,success,2c6cc8d1e1097030243538d77f9bed5efb64ba5619d98b7017b0d56c238f0bab,
680b4b091458f11c44cf8ef0,2025-04-25T07:58:31.192391Z,10.0.3.196,guest,system_update,failed,c7ef502cd7a1f5856e57ff5511b55ee0c2d54bd7f88b9bbcd416ce08159b8393,
680b4b091458f11c44cf8ef1,2025-04-25T08:23:00.192887Z,10.0.4.157,analyst,system_update,failed,9f8ec21d880a6039599708b65254de507ca5d187586a6491b5950b71ad4b7f82,
680b4b091458f11c44cf8ef2,2025-04-25T08:18:35.193389Z,10.0.4.157,analyst,system_update,failed,6f184a067152babd2ea85505cf1acf1ab65ad58a8afe3a3e47bda1418701c0fb,
680b4b091458f11c44cf8ef3,2025-04-25T08:31:12.193704Z,10.0.3.196,guest,logout,success,85532965743d96059066aa1307403957b28045d392db768f7437df1bd134f783,
680b4b091458f11c44cf8ef4,2025-04-25T08:10:21.193874Z,10.0.3.157,root,file_upload,success,af72757f1fcbb0246ef7c5bd64332d05dd7a1895a8f30c352dd4c287dc6e889f,
680b4b091458f11c44cf8ef5,2025-04-25T07:50:42.194212Z,10.0.0.77,admin,file_delete,success,b8fcfa7903db66c32de72a03932500f1e38feb584b0e716e04a20a7f14c397a4,
680b4b091458f11c44cf8ef6,2025-04-25T08:13:22.194419Z,10.0.0.77,admin,config_change,success,daa3b7850f5abc09e65ef24e2e97a76b26c6e5c84c742fa6cc7d1815406e3770,
680b4b091458f11c44cf8ef7,2025-04-25T08:10:41.194586Z,10.0.4.157,analyst,config_change,success,dad1f128e437aee1364493e70d447c55bbc21909621a4ca683fdd26c264648ec,
680b4b091458f11c44cf8ef8,2025-04-25T08:02:41.194738Z,10.0.0.77,admin,network_scan,failed,21b62769e9ffc8716cdc4707da0a9a09ad3fd11fe5533bb97f1d44f4c790f27d,
680b4b091458f11c44cf8ef9,2025-04-25T07:58:11.194983Z,10.0.0.77,admin,logout,success,bbedcaaa3711ef1d7a7cd430c2370ea76c04a336913b34abda07c440a3a1ff67,
680b4b091458f11c44cf8efa,2025-04-25T07:52:14.195382Z,10.0.0.77,admin,system_update,failed,680e6674be58222a514b72204dce894b35cbeb47e27db8658a441a509337b218,
680b4b091458f11c44cf8efb,2025-04-25T08:12:39.195643Z,10.0.3.36,alice,system_update,success,db0d1ae966746ec4d25e20f37ed6b57707022a8db805888dfc77d76f9566ebf6,
680b4b091458f11c44cf8efc,2025-04-25T07:44:13.195824Z,10.0.0.77,admin,password_change,success,7eee6e9e32c1456921941cdb08ab719789f62a06d7257a57a7251817e3fde1c0,
680b4b091458f11c44cf8efd,2025-04-25T07:54:09.195989Z,10.0.0.76,john doe,network_scan,success,8ca72b00904e413845ea8eb7450d3cb344dafc4b110db70584ac8a59b3f266bf,
680b4b091458f11c44cf8efe,2025-04-25T08:36:34.196169Z,10.0.0.76,john doe,file_upload,success,105919f2fafe14368a20b33ff7376a3e88de9c564e7311a26be2c1a130e756e5,
680b4c0f43dcb432eb34ea86,2025-04-25T08:38:02.545126Z,10.0.3.47,root,login_attempt,success,f3c12f0a05331c016fcd8bb9adfb95524df1e05aae5e64e5fbb7f1f6e24edfe6,
680b4c0f43dcb432eb34ea87,2025-04-25T08:33:11.546658Z,10.0.3.73,user1,file_access,success,48601ed5e0022136feae0e90881aab1e25bdd52ac6891825adf97be07bc082c1,
680b4c0f43dcb432eb34ea88,2025-04-25T08:34:18.547014Z,10.0.3.73,user1,file_delete,success,1c11a86cb8e6e21ffb8d22724d9e2fe302c19c4fbf9c1276f82cddd468b439c5,
680b4c0f43dcb432eb34ea89,2025-04-25T08:28:25.547363Z,10.0.4.84,user2,system_update,success,a3268bc05ea4a936b43cce6167dbacb2b45e5e35a1f09760a5af165ceae58b82,
680b4c0f43dcb432eb34ea8a,2025-04-25T08:19:21.547709Z,10.0.1.147,john doe,network_scan,failed,23a5d0665e3422b46406a9e79ab3b7e0fe4be6591692397114b0995461da0bd3,
680b4c0f43dcb432eb34ea8b,2025-04-25T07:52:48.547974Z,10.0.0.201,guest,login_attempt,success,bc20c5922c03b1c6ecbd03fad494a6aa3a9d384fca489c637e7c93d4d1265d3e,
680b4c0f43dcb432eb34ea8c,2025-04-25T07:48:09.548198Z,10.0.0.115,analyst,login_attempt,success,02e89e272db3feae2d81eecdd1da712ea20a3c1d6a935e803926edb7a427ae08,
680b4c0f43dcb432eb34ea8d,2025-04-25T08:22:08.548416Z,10.0.3.47,root,file_upload,success,3865204c3518d077aefdf980621429a50f562179ebbfa511337556b076423a55,
680b4c0f43dcb432eb34ea8e,2025-04-25T08:17:39.548650Z,10.0.3.61,alice,data_export,failed,5e904605ab58d49b2aa59b975420d8fd85fa69a9453a4cc59edad6e55a274094,
680b4c0f43dcb432eb34ea8f,2025-04-25T08:41:55.548855Z,10.0.3.73,user1,data_export,success,020f6efe0eed743376ad1a1e281af58f7b5b7c89e331f6189a96cccbeeeef78a,
680b4c0f43dcb432eb34ea90,2025-04-25T08:26:58.549119Z,10.0.1.246,administrateur,file_access,success,f8e94330618eeb976d74c327e34de3f58b651a9cb0c0b6e81d1ddaa8d2aea5a0,
680b4c0f43dcb432eb34ea91,2025-04-25T07:58:43.549308Z,10.0.0.115,analyst,config_change,failed,62774159ed1aa223d465bab910341f1ac258f00cfac0bb6ffa88fea42ade1cab,
680b4c0f43dcb432eb34ea92,2025-04-25T07:56:32.549502Z,10.0.4.186,service_account,config_change,success,8b56cd49e040a6180f2b7f8d62f93b45c487b08aacea6cd7645a32b11fd83e01,
680b4c0f43dcb432eb34ea93,2025-04-25T07:54:50.549661Z,10.0.4.84,user2,file_delete,failed,449199c0ee57d831936fea19118cf4ac83b8a360493f1bcf4e3dc5b9053c8206,
680b4c0f43dcb432eb34ea94,2025-04-25T08:39:11.549758Z,10.0.1.246,administrateur,login_attempt,success,d50ca0ef6f8b647490a55d38c3444f270c955f89db2215f42b95b67269242e28,
680b4c0f43dcb432eb34ea95,2025-04-25T07:47:12.549857Z,10.0.3.73,user1,logout,success,03de987cb3f1448fa7d32f77ab836b4599e3e9387eb16121d9b068c99b3f73ff,
680b4c0f43dcb432eb34ea96,2025-04-25T08:41:39.550060Z,10.0.4.186,service_account,logout,failed,72299c849b7f0dd81ba8733a832d8140e329484d630c5ff861a182d41a58c248,
680b4c0f43dcb432eb34ea97,2025-04-25T07:49:07.550168Z,10.0.4.84,user2,file_upload,success,e06f3926da747f3c2354ea2bbe03e8a7534feb17dda2629ae2ca6c9a3863dd52,
680b4c0f43dcb432eb34ea98,2025-04-25T07:58:21.550269Z,10.0.0.115,analyst,system_update,success,0a6da02e5ea80f62abeb7e73e8e8ad6b639f56f850d63e63af2f96aa4cfb6e11,
680b4c0f43dcb432eb34ea99,2025-04-25T08:10:06.550367Z,10.0.3.47,root,logout,success,84c994d9420d980f2c60bfc3b66dcf1e0191f0057fcc7a60941e9945f31713eb,
68270484731ce39fced6d4ec,2025-05-16T08:52:39.162520Z,10.0.2.112,alice,system update,success,6d31d372e7d1e43e6d77e9ad8565e77c230cc0b71d885d6911d09a85914010c6,df79fa4d1def43d4888145aeda2a467e
68270484731ce39fced6d4ed,2025-05-16T08:31:32.168840Z,10.0.4.184,service account,file delete,failed,f399639b0c32d9135d98f792611aafeaa969eec936821173048b9abfb7ff3b89,0b8306799ed8469da8d9c3d2395356b1
68270484731ce39fced6d4ee,2025-05-16T09:01:48.169036Z,10.0.3.63,user1,file delete,success,7970b02b0e639eb76fde10da9ed69e7336bef5cdaa7e7df2bce1576e380ec0cf,46df54a749794c90877faa43cd262e69
68270484731ce39fced6d4ef,2025-05-16T08:49:15.169198Z,10.0.0.24,john doe,login attempt,success,54245d3da7d0fc76709722b7fcbfa26c842b18860026c10fd98cb3bc196a3f94,5e77a45a30d444978c91f91550a38e08
68270484731ce39fced6d4f0,2025-05-16T09:11:40.169329Z,10.0.4.168,john doe,file upload,success,822e3a510c957b96a621bd92779a7f1ffe1c36fe132b4d905fe5c17a2c96d8c6,bca3e5bcbd0142498f92eb215546bf6f
68270484731ce39fced6d4f1,2025-05-16T08:52:04.169450Z,10.0.2.211,analyst,login attempt,failed,ac1e75fd1f041dcf2918273b711f0880d2b755f6aa27d0d0906d684a81f4dc45,a57e98ca0c524782815d9fdef5a8abab
68270484731ce39fced6d4f2,2025-05-16T08:35:49.169563Z,10.0.4.67,root,file upload,success,b9d63456efdfd6b3a28648f696527b6dcede0ff1abc70c457e2c954217bb1ad9,d80eaad4ed624e3181d841f59b03ffb8
68270484731ce39fced6d4f3,2025-05-16T09:22:17.169678Z,10.0.0.20,admin,data export,success,68c350af9121e341400638bbe05732d222d53dc52958d3a330758898e01c89c7,dbef40605f6842779e9eeab2f6bc2177
68270484731ce39fced6d4f4,2025-05-16T08:46:32.169815Z,10.0.1.67,root,password change,success,6c00aa4070b71f1242e25eab2b7193120eba80ae2412005e34efc381a3b97181,90b3442826544e65ab4e7fc93f939808
68270484731ce39fced6d4f5,2025-05-16T09:11:26.169916Z,10.0.2.238,guest,system update,success,531ca4a6189db2396334d5219f0fb6e7d324cd04ae82db6a34695a7c165c734b,6606be5180d04502973414e6dd4c79a3
68270484731ce39fced6d4f6,2025-05-16T09:03:38.170010Z,10.0.3.125,guest,file upload,success,51165d979b4bd43c3d63e4364d9ff683a32bd8b77289d83b0bd7335629d0cdb0,4e6e2b945b914c7692a320587c8c0f51
68270484731ce39fced6d4f7,2025-05-16T08:30:30.170100Z,10.0.4.169,service account,file upload,success,17320b952a29f96d011870e6a3790907a56691c47776b672d275faa34063a7f7,41e2ec3899254802aaef81db0634461e
68270484731ce39fced6d4f8,2025-05-16T08:37:36.170192Z,10.0.4.68,admin,config change,success,0260c84d3465e90ed51b75e4988e8179e1e084809200786970785b942a0cc026,faffde76eb104e589061faa7ee0166d4
68270484731ce39fced6d4f9,2025-05-16T08:49:08.170283Z,10.0.3.233,administrateur,system update,success,b18386c3ba01450bdbe9ee6f021be77f17b12cd5ec3338ad49f382ddffc51517,eaf083a712524909a5e89d05265fdb47
68270484731ce39fced6d4fa,2025-05-16T08:58:55.170373Z,10.0.2.229,user2,file delete,success,4aba54c85a26457d22669379aa1587e63cc62d820b87a7aeef3bc72c4bf63349,e276e965ac8d45c6b3114bb153c6b276
68270484731ce39fced6d4fb,2025-05-16T08:28:37.170460Z,10.0.3.12,analyst,password change,success,d1ac8a1a470663b4d16ca26199344413c5d4434d831930991e2661bcd2a2b658,d5d75ff729db49998ad695ec3f419837
68270484731ce39fced6d4fc,2025-05-16T08:31:40.170546Z,10.0.2.16,root,login attempt,success,559e762b3d71f68baa7271f7fddd00773cac2dae5ef5e3c0e32f2d612f8e47bf,337b2a69242048698b96a3d1e09e0669
68270484731ce39fced6d4fd,2025-05-16T08:39:14.170633Z,10.0.2.223,admin,password change,success,5503a48f571bb0b20eacb9cb689f15d2fca21f7b4a963a14b68dcd5d5d0324ea,6c2a348b3dea47399ce5c764426244c7
68270484731ce39fced6d4fe,2025-05-16T09:05:27.170722Z,10.0.1.233,alice,login attempt,failed,9f2d0859b093faa964298350f86b5e32a527245b1a20bcbfaf61dcf1c38ff2ec,35f09086e0c54954a284444fe0e41e83
68270484731ce39fced6d4ff,2025-05-16T08:33:29.170811Z,10.0.4.108,analyst,file access,success,b285feaf1b78faf266de7bca8eb626c284c87d5c1c57c156b1a35130b8192f2f,6f3d4e3669b948e2bd21b36e7b5e6f62
68270484731ce39fced6d500,2025-05-16T09:02:50.170899Z,10.0.0.62,administrateur,file upload,failed,a2e2d364fe4ddf52456e1b3bacc5c8c4b93f49b2f08ff06dc4e5ae19b4337391,35882890530c4bc89dd2d562ac0f72ef
68270484731ce39fced6d501,2025-05-16T09:23:21.170985Z,10.0.4.63,guest,file access,success,212f8c806cafb5fce10693953857191e19a741fec3bb4c84c2f3d488d009920b,261f5131d77647399029d1ecb952dab6
68270484731ce39fced6d502,2025-05-16T08:51:26.171072Z,10.0.3.68,john doe,password change,success,93aa4adb1f03cd4a999200a5bbd8b3d863eb5d32e2b00c3268e4bb6684b1b291,dc49e172153744efa9d2febe77045228
68270484731ce39fced6d503,2025-05-16T08:42:33.171157Z,10.0.4.186,analyst,logout,failed,9dd84ef737506a255b0d3ba9988ce4dd695b1e46efdbb3ab5b5b06d7601af226,9b107a2c40be42ee9bae4a3d01bd44e5
68270484731ce39fced6d504,2025-05-16T09:11:16.171242Z,10.0.4.252,administrateur,data export,failed,e300303ced67cb0aa08d2a5bba71170b19ac413457699fbed693a3d05d86dab3,4bd23a1ccdaf4dfab75c0939e77e71e3
68270484731ce39fced6d505,2025-05-16T08:34:14.171328Z,10.0.1.15,root,login attempt,success,c00090db05a17fbd59cb32336797814f29a7deb855bfb8634068f7e7f478e37f,72455cd331b34221a3659627ef01d748
68270484731ce39fced6d506,2025-05-16T09:11:28.171414Z,10.0.1.219,analyst,config change,failed,7627d7d950fa46369db5e6085d51fe0ddcd56812eb7c3dd5f9021cbddf67547f,e91a2a74d35a4296bbd6b786a55bf8a7
68270484731ce39fced6d507,2025-05-16T08:31:45.171499Z,10.0.1.127,user1,data export,failed,ca495af64def5bacc7fb6fcbb4c4fa92bdded7dc7e4684b0a65728385de295f8,4b994a642ba7448380e50253c5d5f846
68270484731ce39fced6d508,2025-05-16T08:58:35.171586Z,10.0.2.69,alice,logout,success,7b19ec25d56227ca4a44516d0c10fdec8a987fe0107a8f4407227d39eee695a2,25357e80f6af41c39b1869a2662b5536
68270484731ce39fced6d509,2025-05-16T08:30:21.171672Z,10.0.2.119,analyst,data export,success,45f103f3d6a068247dc7dbe25a716869149aa4a8e5cbf6b6522622d58840bea1,02c153358ad64fdf9f41b1fa81973ba6
68270484731ce39fced6d50a,2025-05-16T08:42:28.171759Z,10.0.4.202,user2,password change,success,ac45dab8419601f62de477a7cb76231ab1580f0c73b6d26dbc5c90bfdfb31b08,7c26db9895974186819c41d0eb942c81
68270484731ce39fced6d50b,2025-05-16T08:44:54.171844Z,10.0.1.210,user1,file delete,success,50e83678f030c69edbe6bc0dc3c2e7e5aba4c48668e7a76add12107ff9c0114a,fd848595e96d4b00b378566499ab2bf8
68270484731ce39fced6d50c,2025-05-16T08:59:52.171929Z,10.0.2.99,user1,login attempt,success,ec222349d87daf2a8569b0c9929bc87230a35b104e26cd7d4980ecf9f4fdff85,c1a13babe9fc4a0d89526215242ead5e
68270484731ce39fced6d50d,2025-05-16T08:55:25.172014Z,10.0.0.111,user1,login attempt,success,15e16ad2190ec15f965a57f05c168dd96c4a04ec745f85d6b43e728452111a10,e0fe8ecdd8e04cb7a4b767f9542d584e
68270484731ce39fced6d50e,2025-05-16T09:18:36.172104Z,10.0.2.50,analyst,file delete,success,c10b7ca2c0dd273ef6d877324e78668ea0400a6357c3dc6afb7475bdee11e388,f4af0ed38d134c45ba882cc85ef3d4f0
68270484731ce39fced6d50f,2025-05-16T08:51:16.172188Z,10.0.0.107,analyst,config change,success,34826946acff853cdb724c221485582fea28b50b44280e1f8ff711aab3a0174d,3f6f62a000374c3bba59b163a0f9506f
68270484731ce39fced6d510,2025-05-16T08:35:00.172272Z,10.0.4.237,analyst,file upload,success,944b91537ac123fe7c38fbcab1ed992003906922ea7bb8cb33d68c0ffa4591ba,d0214b78cc1d49838a9a8377f619dd37
68270484731ce39fced6d511,2025-05-16T08:34:28.172355Z,10.0.0.74,service account,password change,success,dc2b6894826bd5df0f8dbbdd2410d6190de9b4479d894c78026b4dcd654644b8,d51d39ab292e4235804a5657023a19ee
68270484731ce39fced6d512,2025-05-16T09:21:39.172439Z,10.0.3.188,user1,system update,success,c239c0f95c03e8b27a7eeac623c1c9c1fb63c951d043824aed2ea9896a833671,870484b5b14b44debb482c3ecd7122fc
68270484731ce39fced6d513,2025-05-16T08:27:26.172522Z,10.0.1.178,service account,file upload,failed,dc80b488d554de9dce42b6b53e830bb80e759fc802fb7108b0ad46484de593a7,fea9dfe8202c4f0a9b734d13a9bab5ae
68270484731ce39fced6d514,2025-05-16T08:55:28.172607Z,10.0.3.164,admin,config change,success,b68bf1a128f97fed3fe958b0253bc260d8a13dbf8c897fcdfa73274f049d3d25,361c36f97da54b8f9c9b69eda9c4946f
68270484731ce39fced6d515,2025-05-16T08:39:19.172691Z,10.0.0.114,administrateur,system update,failed,7a2348296be532c488d6937912bf63d1a90710aff02ebfc463e4adc53cb8c7e2,a5c8427506144c6facbc665a2713e245
68270484731ce39fced6d516,2025-05-16T08:32:22.172778Z,10.0.0.83,admin,network scan,success,b06da5cf6da225b55e943171f1d9820b589feb730b404bbcdf705599c1c7c669,50dd0d826ffc4601b2b550bd712f3634
68270484731ce39fced6d517,2025-05-16T08:48:20.172863Z,10.0.4.42,analyst,network scan,success,15f2f5b887f9479b5dec7f43aa374c0257fc2243056df45b7dd0531a2e604deb,349529eacf4b49b199c279f6dc49b80f
68270484731ce39fced6d518,2025-05-16T08:34:02.172979Z,10.0.4.24,alice,password change,success,90633f4b0c15fac17f04396fa30e9614ca053bfe53ff8512a6e155cba9e74e09,5aabe09fce3748b8978c92833cba4112
68270484731ce39fced6d519,2025-05-16T08:45:02.173075Z,10.0.1.48,user1,file access,failed,d167724c0e8866a301aa92908ee59ddf87a958df5459759ee0218ef2b22535af,c867b760401f4979af8fdd4f4a2b3812
68270484731ce39fced6d51a,2025-05-16T08:34:06.173171Z,10.0.1.227,analyst,file delete,failed,e1bac847b3c2d2a3040c2c0caef5f1e31ef063b3e44ac8602b3a930e984acdd4,7cbd77f6162a4355ad2862533d1511ef
68270484731ce39fced6d51b,2025-05-16T08:40:20.173252Z,10.0.3.132,user2,password change,success,98abd4f0063c5873eac5a0af9da742639771c397104953b2cd446de7346b1c3d,21d733dbab384b82a97da9cd63e29c59
68270484731ce39fced6d51c,2025-05-16T08:40:13.173330Z,10.0.3.192,user1,file access,success,21bda4733439ea228d2b86b3cef8f233b4cd3c143767fd0e04408f3e53ac7cea,e84f58cb0ba04b1a92dc7f8ea1ab7f3a
68270484731ce39fced6d51d,2025-05-16T09:08:46.173409Z,10.0.4.250,service account,file access,success,8b92f2639f92a29af27e7f3010acdc66a134b84ff08cbaca755d64b044701f44,6337eb5e6b064d4487d6f459271e2bc4
68270484731ce39fced6d51e,2025-05-16T09:20:47.173488Z,10.0.1.237,guest,logout,failed,b283062aa5732c919216099d77eb964dc136865ceba827d4595daddf61fd7df6,1ae1c7c003ba497faf01dae5a7c93db8
68270484731ce39fced6d51f,2025-05-16T08:37:51.173567Z,10.0.3.97,alice,file access,failed,8f052e138736acd599d5fef2d1c13b2077fb9f7b8c54376d8b4e9262fc64ec70,d61d56cd43a74d3bbb70766c610dec0a
68270484731ce39fced6d520,2025-05-16T08:55:30.173646Z,10.0.4.193,service account,file access,success,e4c85c4f5c2078f5a16077371bceccde1c18befe1295719354c84ecc07ef713f,da60a9942dd84fa091bb673cb5fc5e37
68270484731ce39fced6d521,2025-05-16T08:33:57.173725Z,10.0.1.76,service account,logout,success,87fa1400a2915737edcac4f51c09be599f66e1a03a2ab16d0102b7150ec97fea,6c7d50afb20e48339e161f36a9439184
68270484731ce39fced6d522,2025-05-16T09:00:02.173803Z,10.0.2.185,user2,file upload,success,ef82ce2416ff18ab729619d046e296234a0104343a55a1902437689a553ec19a,befec67959564dc985f7a1d60a56db67
68270484731ce39fced6d523,2025-05-16T09:03:09.173882Z,10.0.3.14,alice,system update,success,7fcaf69876460dfe12fb9f8de4fab3c39a38b32215f8385f3936b2470206a688,74e0136646864932b124fa6d99031800
68270484731ce39fced6d524,2025-05-16T08:55:04.173962Z,10.0.2.1,administrateur,file access,failed,3e3e57255a7e99db7011032bcf33a58360cea87f1248acd85ac805388fd21819,8c8f2896243744c8a0b59c334a9872cd
68270484731ce39fced6d525,2025-05-16T09:11:49.174040Z,10.0.0.156,service account,system update,success,4044b720d9f4e9f8766fc1003083533d1b1a577b57e82a7065a448aab9d8b54b,fd1e4c9d3a334c05ae2c5348f9fc36bd
68270484731ce39fced6d526,2025-05-16T09:22:36.174119Z,10.0.4.53,alice,file access,failed,bb6bfc3df93d80a71054022d12b25726f3081d5ad91902b41c6b3f9ffecaa69e,d03766ce80ac444faa51ff0b12218d31
68270484731ce39fced6d527,2025-05-16T09:22:43.174198Z,10.0.2.86,root,logout,failed,8f9b102cab038dce466b636b3067a2d8c2d0a66f4b124eb1421c095fe46359cb,1af62a0df74e482281c00ea557d8869c
68270484731ce39fced6d528,2025-05-16T08:40:48.174279Z,10.0.4.66,john doe,config change,success,2e91b2ed3d6dc25f0e3b99d1a6e3371785ee9a5e528f7815f581f1c70fec21a2,a48ac1afb09f41179e920cb907989894
68270484731ce39fced6d529,2025-05-16T09:13:37.174358Z,10.0.1.106,administrateur,system update,failed,34b4bcc50403ed720b01cf76de797523c711eae06df9a75ac3cba5b6156af40e,bd922d2367f54f4a8cd713eba87fd27c
68270484731ce39fced6d52a,2025-05-16T08:53:06.174437Z,10.0.3.81,guest,data export,failed,a1f962620e748dbdfe6f3907e8560c727d9b780dac423623715342f31e9a1572,45ae90a8f7c74e9986d7ac8713ba71d3
68270484731ce39fced6d52b,2025-05-16T08:30:33.174516Z,10.0.3.33,user1,file access,success,019925f11de5a315564345aee2c62413fa51e593d5e2ed96636e549530341804,ceec915697f042de990f9360458cc1c3
68270484731ce39fced6d52c,2025-05-16T09:03:24.174595Z,10.0.2.161,guest,data export,failed,20b3ffcc7f352e8975e81d0543ac2f735746cb3c4172459f404282dc4a3faffa,164912120c60418da93e4fc3889dbb34
68270484731ce39fced6d52d,2025-05-16T09:21:25.174678Z,10.0.1.184,root,file delete,success,e608a7a9aeb0c973995570d1a7e2fea558310fc30c8c3b7f4d42b779becbc9c0,e0851429867841e08491ee3add1dca5a
68270484731ce39fced6d52e,2025-05-16T09:25:04.174756Z,10.0.1.55,analyst,network scan,success,2ca261e5f06fb1d64bfe9c2a3455dab363302ede3b6123a91ee7c2d8e7e3fbb7,1402c069ec3048e18e9165931e758738
68270484731ce39fced6d52f,2025-05-16T09:17:15.174833Z,10.0.4.131,user1,network scan,success,cd27d2dafcaa55ac8a622db1327dcea3e798ff45efbfa6d5a9b36f8d985a135c,6d1af5920c2a48c899f7038b44134478
68270484731ce39fced6d530,2025-05-16T08:45:14.174911Z,10.0.4.59,administrateur,file upload,success,d8fcb52e7e8ba6e393dc5d3e0b1250526b56e15a1172c355b1e0716ad76ef860,cd3286a255914e58bb045fbe8fa3b177
68270484731ce39fced6d531,2025-05-16T08:58:38.174988Z,10.0.3.204,guest,logout,failed,965f29360be4cdf5e53bfad2ef466fd98832ecbedf22cbf4a14c35c4ffda9a2b,d120a5bdea3f4457b0acbeaf7861b3b5
68270484731ce39fced6d532,2025-05-16T09:00:46.175067Z,10.0.4.229,user1,login attempt,success,492f31f6cb6cf7094fd8bbb648a88f5a4db66369884527821580e69f75590fb8,f72fb27cf81949fea6f34af37e5a08f3
68270484731ce39fced6d533,2025-05-16T08:58:01.175146Z,10.0.0.122,root,file upload,success,aa599e5b718d97fe003c34dc5af146b389fdb725ba758fa0724c7dab90bd9879,6482d7dad49c4737b2d43d332a3d268e
68270484731ce39fced6d534,2025-05-16T09:22:46.175227Z,10.0.2.201,analyst,file upload,failed,c1ecb9bde8f8bbd889e4b340bcfd7d03e408cd84804d2cd059673617488d73fc,7cfb78cfe8e847309ff0b4de9b70a83c
68270484731ce39fced6d535,2025-05-16T08:26:44.175307Z,10.0.3.193,user1,file access,success,173650455902369729791964f88c3ad5aea9fd9f27125aad8e66b1082e727181,0d3d6c9d7208466f89646091cca2f4d2
68270484731ce39fced6d536,2025-05-16T08:50:41.175387Z,10.0.0.186,user1,file delete,success,96ab2047489830b83d2870460085c9312700431ffb1bdcebc994238d9b6e378a,402ab58c3649405aa5cac9032ba039af
68270484731ce39fced6d537,2025-05-16T08:54:01.175467Z,10.0.0.204,administrateur,data export,success,76bb7b0fd3fcb4a135e2f1e43eff51ad8d1b14ffd2722a6702c17b1b9deec0e5,d7a240971ff74903bc0a525b4b133110
68270484731ce39fced6d538,2025-05-16T08:38:01.175549Z,10.0.1.146,analyst,file access,success,2bd0a4d10ebca090cfc98331c3e60fc1cf1049132d645e8e14e0179168ae94af,def5fee58150401c8de54021dd79c584
68270484731ce39fced6d539,2025-05-16T08:58:34.175629Z,10.0.3.150,user1,logout,failed,bc0e9e10cb720af19f6a325416a9d1cd84a53dc1926e0850eb8d6d322d834263,1faa6b5729c3413bb3bd8693f9233395
68270484731ce39fced6d53a,2025-05-16T09:14:36.175710Z,10.0.0.104,john doe,file upload,success,e2da856763a1cf654140da735634764a06cf06322073ac3d908ac87ffe4f7cc8,5be307ff609a42eab1de1ee4a469671f
68270484731ce39fced6d53b,2025-05-16T09:00:21.175790Z,10.0.0.135,john doe,logout,success,d5a95b3197a4eba8424a82c53f5a5f33c58aa8577df0b1a25c487a5d3ce273bd,3d2bb2864a9b467b8aacc35a3be096ab
68270484731ce39fced6d53c,2025-05-16T08:53:29.175868Z,10.0.3.199,analyst,password change,success,38e09528bf2aee92cc51cbb6b5810b96b04e468276e4876089d266597df3b2c8,4f1e932ab826441b98b9df898ddee2f6
68270484731ce39fced6d53d,2025-05-16T08:29:59.175952Z,10.0.2.53,root,data export,success,d415d15ff48ed662dcc4dafc8f8ff7b1f580347270e3518cd318b901defac2ca,b19ea85da74b43da8de8ec4bdc83552e
68270484731ce39fced6d53e,2025-05-16T09:21:42.176032Z,10.0.0.151,user2,password change,failed,ae403de263cd21ec1eb214d30c769210b44fa92ff42a1ab7c45e08ac91311453,f71ba62cdf2547b48ef279ef05e29cb7
68270484731ce39fced6d53f,2025-05-16T08:56:17.176111Z,10.0.1.239,admin,data export,success,d650e41bf852829936f9432062ce52d2b4a5170d67fc202da923ba54b4860d26,aa4460726fda43c8ad8175a176a689d8
68270484731ce39fced6d540,2025-05-16T08:33:23.176190Z,10.0.3.141,admin,login attempt,success,acd405a32c65e7f365444a63931ab32130dfc92c3c269f2115dcb69a0c355475,3c364a91510349e7ac98674a6fc004da
68270484731ce39fced6d541,2025-05-16T08:52:28.176270Z,10.0.4.69,administrateur,system update,success,c8487fe3b09887e189d8203da983a420c841052bb02aab682e3c266f823267ed,f803bc62ec7147469b855eeb0281c1fc
68270484731ce39fced6d542,2025-05-16T08:55:27.176351Z,10.0.0.110,analyst,file access,failed,e458c3275ed87bc9e78548af14edd26cbb6f28fc1cad75269302da5243a8164a,db95ed16a7ca4be2b009fdaf643fcc9e
68270484731ce39fced6d543,2025-05-16T09:24:34.176432Z,10.0.1.239,guest,config change,success,1fdbe4b574fab49a4660f815620ac9eae61daa9e0cfae9df72afb32545c9ec53,ff5fdb622cc546228311d15707a7e156
68270484731ce39fced6d544,2025-05-16T08:29:21.176512Z,10.0.2.241,service account,system update,success,e2cbbb811371239da8d85948d2fee60dce412f5e0db72a8971062942c1a63d63,7b320097cfd645cb8ef57e4595fdec94
68270484731ce39fced6d545,2025-05-16T08:57:24.176591Z,10.0.3.171,user2,config change,success,dc30aba8e2bd5fd62be6b4c7391dd2382c8aa6873449607a47ad67d3b6f4ded1,46dc9184bfaf422fb8c1d3db793c774b
68270484731ce39fced6d546,2025-05-16T09:09:52.176670Z,10.0.4.215,user1,network scan,success,45bf8a1493efb134e76b1e14ee834ef872ee394fd33e33158072e262af0e64ac,c053c55483f047d886510dc905f5aa30
68270484731ce39fced6d547,2025-05-16T09:11:17.176748Z,10.0.1.107,user1,logout,success,e5cb6fa721d5dc15e33290efc29db0b0343c64f29008e00a83f2fc3b7c46b899,3e3ded022b0c4fb1b4ea569bf36ea95e
68270484731ce39fced6d548,2025-05-16T09:17:36.176828Z,10.0.1.73,user1,file delete,success,024160d2989ad901be04eb69dbd5ce1afa848f207f1fb38c7a0291f92c7e71b1,b2eefdd213f248d4bc36bd086ed8b422
68270484731ce39fced6d549,2025-05-16T09:22:22.176907Z,10.0.3.167,analyst,file upload,success,919da5292438b3168338a8e409e18c8ae31bfeb86b24bbf20a5e3e42764a8b86,c7aca52ce2984c8886a7173b64f7336d
68270484731ce39fced6d54a,2025-05-16T08:35:39.177005Z,10.0.0.113,service account,login attempt,success,db36ffe8e587ef74e69b861aa67582f73e1df4ed0f2c7b76f1a813a4d54e58ac,0ea48f68ae8d45b0b467d2697b5d5a16
68270484731ce39fced6d54b,2025-05-16T08:36:41.177099Z,10.0.0.143,root,file delete,success,de953b0d831f6936d937fe8913289f957bd1510c4ac3b3a9fa561c4954325d07,db3de41aa70c4df6a30364a87960101a
68270484731ce39fced6d54c,2025-05-16T09:15:07.177185Z,10.0.3.5,administrateur,file upload,success,06b0a8affdf13b57d5699d9f23ea4faed428cd06522db2147368bde21ac3cfef,24e72a0ddb11478fa3e91e5442621bf3
68270484731ce39fced6d54d,2025-05-16T08:53:36.177270Z,10.0.0.227,user2,logout,success,f1e6fd91f6100b370a0f3ba32830bb064212bb82842ccecc1685fc2865cc460d,f7d0427759b346229affd5f395dd9ffa
68270484731ce39fced6d54e,2025-05-16T08:37:12.177353Z,10.0.4.160,admin,system update,success,ebc25d6c7168286d36cd39a9c5ef5293c891160acf30bb2829b02a12cd0ae4bc,ac4230ae58fb44fabdff2d56d11c0c9d
68270484731ce39fced6d54f,2025-05-16T09:09:12.177438Z,10.0.3.122,user2,login attempt,success,a5feebaf582fb75a6d24326adbb78e2bfc78280efd5a063a3043c3e06cc04b48,e7cb7fd8e96343ebae8f439edad74fd4
68270de4fdc817be30b946b8,2025-05-16T10:04:24.350214Z,10.0.0.99,admin,login attempt,failed,0eab5d00e20b53363a5feaa63001d65a66ef31b2c38e9d91cc4bfb8f6243bd9e,345eba9967c94042b79f3623efa5c096
68270de4fdc817be30b946b9,2025-05-16T10:04:24.350214Z,10.0.0.99,admin,login attempt,failed,052b5859df46d157f9ea6dc7b96deb6867d53de805646d604cba781799ba9ac1,c0b6fb14915c4cab848ad97b43e039cf
68270de4fdc817be30b946ba,2025-05-16T10:04:24.350214Z,10.0.0.99,admin,login attempt,failed,a079914713db3f55f0e665321e16348089c5d74c5cd3f8ce429a86fca3bc5929,c64e7ba3d15945f1b126d9e38318e417
68270de4fdc817be30b946bb,2025-05-16T10:04:24.350214Z,10.0.0.99,admin,login attempt,failed,ddf14f4f9b7f60c81dd59596d32eba1e04a143fb0b635093382ce0c0921f0f12,22e337603c1849a8bacc5edc3c78583f
68270de4fdc817be30b946bc,2025-05-16T10:04:24.350214Z,10.0.0.99,admin,login attempt,failed,c7a1f1c9886467feca248abe5ee05afd96d0b5bce4947d53cc8485d335332dde,cef806c5e82448259e760a278507ff28
68270de4fdc817be30b946bd,2025-05-16T10:04:24.350214Z,10.0.0.99,admin,login attempt,failed,c712f8c53f73dbb8232d3dd017a1c3dcb96efd229554ee1cdaa14408b5aa6880,924fb655aec7402d8dd749c7a9ae89eb
68270de4fdc817be30b946be,2025-05-16T10:04:24.350214Z,10.0.0.99,admin,login attempt,failed,3d45bff2eef836cb3e73d7323577e7c45c1a4ee912261ec7d2f0d8322f05db5e,85cb5e6cdee040de9fd0ab676247986c
68270de4fdc817be30b946bf,2025-05-16T10:05:24.357863Z,192.168.1.250,root,login attempt,success,bed22cba0b0cb47532ef630665cd17ec77f61e234598edd114301df0074accb5,f59bd8b2ccb644caa72e41f6607ba11c
68270de4fdc817be30b946c0,2025-05-16T04:15:00Z,10.0.0.42,guest,login attempt,success,1c4e07f17fbbbf82c7d40bec20f748e1c92fe6da9c3fb1480291ca8d1be71ef1,aed2941ac76343b98041dec6ccba2e94
